From,Entry,Sequence,Organism,Taxonomic lineage,Gene Ontology IDs
A0A009HPY4,A0A009HPY4,MSLLQQLAIKHPIFLAPMAGVSTPELAAEGSNQGGLGSLGLGANTPQSAREQILKTQALTENPFQVNFFCHQSTELNVEKAKQWLDYLRPHFEKFGAQPPQELHCIYPSFLDNDDFLNVVLETKPKAVSFHFGIPHPHQIKALKEAGILTIVSATNLIEAQAIEAAGIDIIIAQGIEAGGHRGIFNQTFDGAIKTSDLVQLIVQHCTLPVVAAGGIMTGLQAKHMLGLGAAAVQLGTAFVQCQTSNASAEYRKALFSKPVTQISASLSGRPARGILNHWHTKIDSPTRPVQPEYPYTYDLAKQLNALASKHQDYGFGAFWAGSNVAQIRELEAPDLVNQLVVEMLDNE,Acinetobacter baumannii (strain 1295743),"cellular organisms (no rank), Bacteria (domain), Pseudomonadati (kingdom), Pseudomonadota (phylum), Gammaproteobacteria (class), Moraxellales (order), Moraxellaceae (family), Acinetobacter (genus), Acinetobacter calcoaceticus/baumannii complex (no rank), Acinetobacter baumannii (species)",GO:0009636; GO:0018580
A0A009I6T4,A0A009I6T4,MKTKITELFEIEHPIIQGGMHYVGFAELAAAVSNAGGLGIITGLTQRKPENLAKEIARCREMTDKPFGVNLTFLPTVNTPDYPGFVEAIIKGGVKIVETAGRNPEQVMPYLKAAGIKVIHKCTSVRHSLKAQQIGCDAVSVDGFECGGHPGEDDVPNMILLPLAADALDIPFVASGGMADGRSLAAALAMGADGINMGTRFIATQEAPVHENVKQAVLYATERDTRLIMRALRNTERVMNNAAVEKIVAKEKALGDNIKFEDIIEEVAGVYPKVMIDGDVNAGAWSCGLVASLIHDIPTCDELVSRIVKEAEDIIRGRLLGVL,Acinetobacter baumannii (strain 1295743),"cellular organisms (no rank), Bacteria (domain), Pseudomonadati (kingdom), Pseudomonadota (phylum), Gammaproteobacteria (class), Moraxellales (order), Moraxellaceae (family), Acinetobacter (genus), Acinetobacter calcoaceticus/baumannii complex (no rank), Acinetobacter baumannii (species)",GO:0018580
A0A009PL93,A0A009PL93,MSLLQQLAIKHPIFLAPMAGVSTPELAAEGSNQGSLGSLGLGANTPQSAREQILKTQALTENPFQVNFFCHQSTELNVEKAKQWLDYLRPHFEKFGAQPPQELHCIYPSFLDNDDFLNIVLETKPKAVSFHFGIPHPHQIKALKEAGILTMVSATNLIEAQAIEAAGIDIIIAQGIEAGGHRGIFNQTFDGAIKTSDLVQLIVQHCTLPVVAAGGIMTGLQAKHMLGLGAAAVQLGTAFVQCQTSNASAEYRKALFSKPVTQISASLSGRPARGILNHWHTKIDSPTRPVQPEYPYTYDLAKQLNALASKHQDYGFGAFWAGSNVAQIRELEAPDLVNQLVVEMLDSE,Acinetobacter baumannii 625974,"cellular organisms (no rank), Bacteria (domain), Pseudomonadati (kingdom), Pseudomonadota (phylum), Gammaproteobacteria (class), Moraxellales (order), Moraxellaceae (family), Acinetobacter (genus), Acinetobacter calcoaceticus/baumannii complex (no rank), Acinetobacter baumannii (species)",GO:0009636; GO:0018580
A0A009QD54,A0A009QD54,MKTKITELFEIEHPIIQGGMHYVGFAELAAAVSNAGGLGIITGLTQRTPENLAKEIARCREMTDKPFGVNLTFLPTVNTPDYPGFVEAIIKGGVKVVETAGRNPEQVMPYLKAAGIKVIHKCTSVRHSLKAQQIGCDAVSVDGFECGGHPGEDDVPNMILLPLAADALDIPFVASGGMADGRSLAAALAMGADGINMGTRFIATQEAPVHANVKQAILNATERDTRLIMRALRNTERVMNNAAVEKIVAKEKALGDNIKFEDIIEEVAGVYPKVMIDGDVNAGAWSCGLVASLIHDIPTCDELVSRIVKEAEDIIRGRLLGLL,Acinetobacter baumannii 625974,"cellular organisms (no rank), Bacteria (domain), Pseudomonadati (kingdom), Pseudomonadota (phylum), Gammaproteobacteria (class), Moraxellales (order), Moraxellaceae (family), Acinetobacter (genus), Acinetobacter calcoaceticus/baumannii complex (no rank), Acinetobacter baumannii (species)",GO:0018580
A0A009RZI4,A0A009RZI4,MSLLQQLAIKHPIFLAPMAGVSTPELAAEVSNQGGLGSLGLGANTPQSAREQILKTQALTENPFQVNFFCHQSTELNVEKAKQWLEYLRPHFEKFGAQPPQELHCIYPSFLDNDDFLNVVLETKPKAVSFHFGIPHPHQIKALKEAGILTMVSATNLIEAQAIEAAGIDIIIAQGIEAGGHRGIFNQTFDGAIKTSDLVQLIVQHCTLPVVAAGGIMTGLQAKHMLGLGAAAVQLGTAFVQCQTSNASAEYRKALFSKPVTQISASLSGRPARGILNHWHTKIDSPTRPVQPEYPYTYDLAKQLNALASKHQDYGFGAFWAGSNVAQIRELEAPDLVNQLVVEMLDSE,Acinetobacter baumannii 99063,"cellular organisms (no rank), Bacteria (domain), Pseudomonadati (kingdom), Pseudomonadota (phylum), Gammaproteobacteria (class), Moraxellales (order), Moraxellaceae (family), Acinetobacter (genus), Acinetobacter calcoaceticus/baumannii complex (no rank), Acinetobacter baumannii (species)",GO:0009636; GO:0018580
A0A009SJH3,A0A009SJH3,MKTKITELFEIEHPIIQGGMHYVGFAELAAAVSNAGGLGIITGLTQRTPENLAKEIARCREMTDKPFGVNLTFLPTVNTPDYPGFVEAIIKGGVKVVETAGRNPEQVMPYLKAAGIKVIHKCTSVRHSLKAQQIGCDAVSVDGFECGGHPGEDDVPNMILLPLAADALDIPFVASGGMADGRSLAAALAMGADGINMGTRFIATQEAPVHANVKQAILNATERDTRLIMRALRNTERVMNNAAVEKIVAKEKALGDNIKFEDIIEEVAGVYPKVMIDGDVNAGAWSCGLVASLIHDIPTCDELVSRIVKEAEDIIRGRLLGLL,Acinetobacter baumannii 99063,"cellular organisms (no rank), Bacteria (domain), Pseudomonadati (kingdom), Pseudomonadota (phylum), Gammaproteobacteria (class), Moraxellales (order), Moraxellaceae (family), Acinetobacter (genus), Acinetobacter calcoaceticus/baumannii complex (no rank), Acinetobacter baumannii (species)",GO:0018580
A0A010R1S7,A0A010R1S7,MASPQQIRTPITDLFKIKHPILLAGMNVAAGPKLAAAVTNAGGLGVIGGVGYTPDMLKEQIAELKEYLVDKNAPFGVDLLLPQVGGSARKTNYDYTKGKLDQLVDIIIESGAKLFVSAVGVPPKHVVDRLHAAGIVYMNMIGHPKHVQKCLDLGVDIICAQGGEGGGHTGDVPTTVLIPAVVDLCKNTKSPLLKGPVQVIAAGGIHNGQLLAAALMMGAGAVWVGTRFILTDEAGAPEAHKEAVRTAGHDDNIKTLIFTGRPLRVRKNPYIENWETERQQEIKELTAKGVIPYEADLEKLMNSGEGEGSGESGSDDNAAEVDIDDALDQFRPFLMGKAAAVCNEKKPAKAVMDEFVNDAVAWLQKGNKMIAKL,Colletotrichum fioriniae PJ7,"cellular organisms (no rank), Eukaryota (domain), Opisthokonta (clade), Fungi (kingdom), Dikarya (subkingdom), Ascomycota (phylum), saccharomyceta (clade), Pezizomycotina (subphylum), leotiomyceta (clade), sordariomyceta (clade), Sordariomycetes (class), Hypocreomycetidae (subclass), Glomerellales (order), Glomerellaceae (family), Colletotrichum (genus), Colletotrichum acutatum species complex (no rank), Colletotrichum fioriniae (species)",GO:0018580; GO:0051213
A0A010RR04,A0A010RR04,MPFDTELTRRLGIKVPIVQGGMQHVGTADLASAVSNAGALGIITALIFPTPEELRKEIQRCKTLTKYPFAVNITLLPALVPPDYAAYAQVVIDEGIKIVETAGNSPGPVIKQLKAAGVTILHKCTTIRHAQSAVKLGVDFLSIDGFECAGHVGESDITNFILLSRARQSLKVPFIASGGFADGEGLAAALCLGAVGVNMGTRFMCTLEAPIHHKIKEEIVKAQETDTALLLRRWRNTTRLYKNKVTEEAIKIEEQSTSGEFSEIAPLVSGKRGKEVFVTGDPDYGVWTAGQVIGLIHDIPSVKDLVPRIEKEAEAALKARLALIKPAAKL,Colletotrichum fioriniae PJ7,"cellular organisms (no rank), Eukaryota (domain), Opisthokonta (clade), Fungi (kingdom), Dikarya (subkingdom), Ascomycota (phylum), saccharomyceta (clade), Pezizomycotina (subphylum), leotiomyceta (clade), sordariomyceta (clade), Sordariomycetes (class), Hypocreomycetidae (subclass), Glomerellales (order), Glomerellaceae (family), Colletotrichum (genus), Colletotrichum acutatum species complex (no rank), Colletotrichum fioriniae (species)",GO:0018580; GO:0051213
A0A010RXY9,A0A010RXY9,MSQWPDTRILDLLGIELPIIQAPMAGATGSAMVIAASNAGALGSMPAAMLSVEQLREELKVIRQHSQRPFNVNFFCHQPPVADEQRAQQWKDLLEPYYRELGADFDAPTPVSNRAPFDAAACAVVEEFRPQVVSFHFGLPEKSLLDRVKATGAKVLSSATTVDEAIWLEQHGCDAIIAMGYEAGGHRGMFLSDDLNSQVGTFALVPQIVDAVSVPVIAAGGIGDARGIVAAFALGASAVQMGTAYLFTPQAKVSASHHRALRSAKESETALTNIFTGRAARGILNRVMRELGPISPQAPAFPLAGGALMPLRAKDEADFSNLWAGQALRLGIELPTAELTRRLADEALALMARR,Pseudomonas fluorescens HK44,"cellular organisms (no rank), Bacteria (domain), Pseudomonadati (kingdom), Pseudomonadota (phylum), Gammaproteobacteria (class), Pseudomonadales (order), Pseudomonadaceae (family), Pseudomonas (genus), Pseudomonas fluorescens group (no rank), Pseudomonas fluorescens (species)",GO:0009636; GO:0018580; GO:0051213
A0A010RY36,A0A010RY36,MAISRLVSWFPHVKAPVIINAPMLGSAGAAMATEVYKAGGFGFIAAGFDFSESSAQMTDLDKALTQARTLLSLPAADGGSSSSGAGGLPLGVGFITSHETAGHFTANVLPILVRHGVAAAWLFAPHPETKPHGEIIAALRGKGTKVFVQVGNVAAAREAAADGADVIVAQGVDAGGHQFSRGCGVVALVPEVKAMLAAEFPDRDVAVVAAGGIVEGSGVAAALALGAEGVVLGTRFVATDEAMSAQLHKEVIVRTKDGGVSTWKSEFHDRLVDNKLWKEGYDGRAIVGDIHREYHALGGQTATVEESRERLRTGWSEEEGKKMIGKWAGAGLGLIDEIKPAGVVVTEVREAARKRIQELVGSI,Colletotrichum fioriniae PJ7,"cellular organisms (no rank), Eukaryota (domain), Opisthokonta (clade), Fungi (kingdom), Dikarya (subkingdom), Ascomycota (phylum), saccharomyceta (clade), Pezizomycotina (subphylum), leotiomyceta (clade), sordariomyceta (clade), Sordariomycetes (class), Hypocreomycetidae (subclass), Glomerellales (order), Glomerellaceae (family), Colletotrichum (genus), Colletotrichum acutatum species complex (no rank), Colletotrichum fioriniae (species)",GO:0018580; GO:0051213
A0A010T3R4,A0A010T3R4,MSLPALLEQRLRLPVVAAPMFLISNPQLVLACCRNGVVGSFPALNQRESSGFKAWLEEIEAGLALLENPAPYAVNLIVHNSNPRLQADLAICIEHKVPIVITSLGAVKELVDAVHSYGGLVFHDVTTRRHAEKAAEAGVDGLIAVAAGAGGHAGTWSPFSLIAEIRQFFDKTLLLAGCLNHGHEILAAQLLGADLAYFGTRFIGTTESHAPEAYKEMLLSSRAADIVHTPAVSGVPASFMRQSLINAGFDVDALQGKGEVNFGAKLKPLSDEAKAWKTVWSAGQGVGEIDDLPSVDQLVARLDAEYRKAQEFAAQLPKRWPR,Pseudomonas fluorescens HK44,"cellular organisms (no rank), Bacteria (domain), Pseudomonadati (kingdom), Pseudomonadota (phylum), Gammaproteobacteria (class), Pseudomonadales (order), Pseudomonadaceae (family), Pseudomonas (genus), Pseudomonas fluorescens group (no rank), Pseudomonas fluorescens (species)",GO:0018580; GO:0051213
A0A010T7K1,A0A010T7K1,MKHWLETPLTAALGCRYPIVQTAMGWVADANLVIASSRAGAFGFLAGATIPAQQLEAELQRVIDAIGNSNFGLNFHMFQENAAQCVDLAIKYRLRAVSYGRGPDKRTIGRFKDAGVLCIPTVGALKHALKAVELGADMITIQGGEGGGHTGGVPSTILLPQVLDAVKVPVIAAGGYSTGRGLAGALASGAAGIAMGTRFLMTHESPTPAATLKHYLTVTDPQQIRVTTAVDGMRHRMIENAFINRLEHAGSLGRLRIALRSAWQWKQQTGMSLGHMLSVFVQAVREDPGAVSQTVMAANQPVLLQRSMVDGFPDEGILPSGQVAAAISELKSCEQLIDEIVNDAERSLRAVLMRSATLSIDAGPLPLMTSPLPT,Pseudomonas fluorescens HK44,"cellular organisms (no rank), Bacteria (domain), Pseudomonadati (kingdom), Pseudomonadota (phylum), Gammaproteobacteria (class), Pseudomonadales (order), Pseudomonadaceae (family), Pseudomonas (genus), Pseudomonas fluorescens group (no rank), Pseudomonas fluorescens (species)",GO:0018580; GO:0051213
A0A010Z4Y9,A0A010Z4Y9,MTATRFSTPLTELTGVEHPIVQTGMGWVAGPRLVSATAEAGALGLLASATMSIDQLEKAILEVQERTDRPFGVNLRADASDAGARVDLLIRYGVKVASFALAPKPELIARLKEHDVVVMPSVGAAKHARKVASWGADLVLVQGGEGGGHTGPVPTTLLLPSVLDAVDIPVIAAGGFFDGRGLAAALSYGAAGIGMGTRFLLTSDSAVPDAIKQKYLEFGLTGTVVTTKADGMPHRLLRTPFIEALESGNRVRRAASTVRRALAYKRMSGASWRSLVSDGWSMTRGSDRSWTQTMQAANTPMLLKAGLVDGDTSAGMLASGQAVGVIDDLPSCEELVARIVADAVTHLTAAHAALVPPTPAGAEPGAEPGPPPKR,Cryptosporangium arvum DSM 44712,"cellular organisms (no rank), Bacteria (domain), Bacillati (kingdom), Actinomycetota (phylum), Actinomycetes (class), Cryptosporangiales (order), Cryptosporangiaceae (family), Cryptosporangium (genus), Cryptosporangium arvum (species)",GO:0018580; GO:0051213
A0A010ZSB7,A0A010ZSB7,MSVLTTRFTELFGVEHPVVQGGMQWVGRAELAAAVSEAGGLGLITALTQPTPADLAKEIEKARTLTDKPFGVNLTILPTITPPPYDEYRRVIVDAGITIVETAGSNPEPHMDLFKANGVKILHKCTSVRHALKAQRIGVDAVSIDGFECAGHPGEDDVPGLVLIPAAADKLTIPFIASGGFGDARGLVAALALGADGINMGSRFMCTVESPIDQAVKQAIVDADERDTELIFRPLRNTARVAKNAVSVEVVRILNEGGQFADVQHLVAGARGRTVYENGDVEAGIWSVGMVQGIIHDIPAAGDLVRRIVTEAAEIIQGRLASLVTAVGVAS,Cryptosporangium arvum DSM 44712,"cellular organisms (no rank), Bacteria (domain), Bacillati (kingdom), Actinomycetota (phylum), Actinomycetes (class), Cryptosporangiales (order), Cryptosporangiaceae (family), Cryptosporangium (genus), Cryptosporangium arvum (species)",GO:0018580; GO:0051213
A0A011ALT3,A0A011ALT3,MGFSNRVTRALGVDVPILSAPMGWVARPELVAAVSNAGGMGLVPGSLPLEEVRGDIRRVRDLTDKPFGINVPILVARDPRVVDMIVEERVGFVTTSAGPPARYTPLLKDAGLTVYHVVPSLRAALKAVDAGVDGLIVEGNEGAGFKNPREVSTMVLVPLVAQRCGLPVIAAGGVADGRSLAAAFCLGAEGAQMGTRMLASAESAVHDNLKQAVLAATETDTVLLDGALGRPMRVLRTDLVDSLLDLPDPDAFARLAHVTTLYHEGDLAASLAQLGQVAGRVDEILPVAEIFRRTLKEFDEVVGGLPR,Cryptosporangium arvum DSM 44712,"cellular organisms (no rank), Bacteria (domain), Bacillati (kingdom), Actinomycetota (phylum), Actinomycetes (class), Cryptosporangiales (order), Cryptosporangiaceae (family), Cryptosporangium (genus), Cryptosporangium arvum (species)",GO:0018580; GO:0051213
A0A011NEI8,A0A011NEI8,MTLQELLGVELPIIQAPMAGVSDSELAIAVCNAGGLGSLPCAILSLDAMRKELTRIREHTSGPFNVNFFCHSEPVPSPAREAAWRARLSPFFEEFGIGAEALTPGPGRLSFGREVADALAEFEPPVVSFHFGLPPADVLARVRRWGARIVSSATTVEEALWLEARGVDAIIAQGLEAGGHRGMFLSDDLNTQTGTFALVPQIVRAVTVPVVAAGGIADANGVSAALALGAAGVQIGTAYLLCPEAKTSTLHRAALKSEAARLTAVTNLFTGRPARAIVNRLMRELGPINTIAPAFPLAASAIAPLRSTAESQGNTAFTPLWAGQNASGCKELPAGLLTRSFVGSSDEA,Candidatus Accumulibacter appositus,"cellular organisms (no rank), Bacteria (domain), Pseudomonadati (kingdom), Pseudomonadota (phylum), Betaproteobacteria (class), Betaproteobacteria incertae sedis (no rank), Candidatus Accumulibacter (genus)",GO:0009636; GO:0018580
A0A011NIG1,A0A011NIG1,MRITELFGIDLPIIQAPLAGVQGSTLAIAVCRAGGLGSLPCAMLAPEAIGQEVAAIAAATDRPYNLNFFCHTAPTPDPTREARWRAALAPYYAEFGIDPAGIAAGPGRLPFSDEIADLIEPCAPRIVSFHFGLPAPRLVGRVHAWGASILASATTVDEARWLEAHGADVIIAQGLEAGGHRGHFLERDLNGQMRTFELLPRVLAATRLPVIAAGGIATPAAVAAALQQGAAGVQVGTAYMLCPEATTSPLHRAALRAASGGDTRLTNLFTGRPARGIENRLMRELGPLSDLPPDFPLATAALGPLRAKAEALGRSDFSPLWAGESVAAISEESAAALTRRLAGGEQVAT,Candidatus Accumulibacter adjunctus,"cellular organisms (no rank), Bacteria (domain), Pseudomonadati (kingdom), Pseudomonadota (phylum), Betaproteobacteria (class), Betaproteobacteria incertae sedis (no rank), Candidatus Accumulibacter (genus)",GO:0009636; GO:0018580
A0A011NU45,A0A011NU45,MNELARRLGIDFPLVQAGMGGVAGVALAAAVAEAGAGGVLALYRSRPDTIAACVRQMLARTSRPFGVNLIPELMDPGALLEQVRAVLDAVTRPVFFVFYGLPTTAATTAIARSGCELLIMVGSVAELRTARKHEPAGVILQGTEAGGHLLGRQPLERLVAEALAASGGVDLLAAGGIGGGHAFRTLYNEGVAGCVCGTLFVATHESLAHADYKQRLLDSGPEDTEITSVFEVGWPGRRHRVLRNRLTAAAPGAFPTTFIGFTNVAGVRHPVPRYSAAIPSEHTEGRIDEMAMYCGHSVRGVTAIVPARQRVETFVAEFRGCFPEALPGFPVQSDGGTRWTS,Candidatus Accumulibacter appositus,"cellular organisms (no rank), Bacteria (domain), Pseudomonadati (kingdom), Pseudomonadota (phylum), Betaproteobacteria (class), Betaproteobacteria incertae sedis (no rank), Candidatus Accumulibacter (genus)",GO:0018580
A0A011PAK2,A0A011PAK2,MKSVDDFRLKFGDKELVPIVIGGMGVDISTAELALEAARLGGVGHISDAMVNTVADRRFNAKFVKDKLKQYKFNVANSDKSVVRFDLDQLAEATRMHVGRTMEAKRGDGLIFVNCMEKLTMNSPRETLRVRMQGALDAGADGITLAAGLHLGSFALIEDHRRFRDAKLGIIVSSLRALQLFLRKTARCGRLPDYVVVEGPLAGGHLGFGMDWAEYDLATIFAEIHRHLQAEQLDIPLIPAGGIFTGSDAVSFLEQGAAAVQVATRFTVSRECGLPEDVKQRYFEASEEQIEVNQISPTGYPMRMLSNSPAIGDGIRPNCEAYGYLLDSTGNCSYINAYNREVAANPGVKRISVRDKTCLCTQMRNFDCWTCGHYTYRLKDTSRRLPDGSYQLLNAEHIFRDYQFSTDGKILAPE,Accumulibacter regalis,"cellular organisms (no rank), Bacteria (domain), Pseudomonadati (kingdom), Pseudomonadota (phylum), Betaproteobacteria (class), Betaproteobacteria incertae sedis (no rank), Candidatus Accumulibacter (genus)",GO:0018580
A0A011PQS5,A0A011PQS5,MKRVDDFRLRFGGKELVPIVIGGMGVDISTAELALEAARLGGIGHISDAMVNTVADRRFNAKFVKDKLQQYKFNVANSDKSVVRFDLDQLAEATHMHIGRTMEAKRGDGLIFVNCMEKLTMNSPRETLRVRMAAALDAGIDGITLAAGLHLGSFALIEEHPRFRDAKLGIIVSSLRALQLFLRKTARSNRLPDYVVVEGPLAGGHLGFGMDWAQYDLATIFNEIHRHLQAEQLDIPLIPAGGIFTGSDAVSFLEQGAAAVQVATRFTVSRECGLPEDVKQRYFAASEDQIEVNQISPTGYPMRMLTTSPAIGDGIRPNQRLQPRGGSQPRRQAHLGQGQDLPVHAXXXXXLLDLRSLRLPAEGYVAPFARRQLPVAGRRAHLSRLPVQYRRPGPGSRLVRGLPTHATVVRSAAGR,Candidatus Accumulibacter adjunctus,"cellular organisms (no rank), Bacteria (domain), Pseudomonadati (kingdom), Pseudomonadota (phylum), Betaproteobacteria (class), Betaproteobacteria incertae sedis (no rank), Candidatus Accumulibacter (genus)",GO:0018580
A0A011QJV3,A0A011QJV3,MKCVDDFRLKFGDKELVPIMIGGMGVDISTAELALEAARLGGVGHISDAMVNTVADRRFNAKFVKDKLKQYKFNVANSDKSVVRFDLDQLAEATRMHVGKTMEAKRGEGLIFVNCMEKLTMNSPRETLRVRMQGALDAGADGITLAAGLHLGSFALIEDHPRFRDAKLGIIVSSLRALQLFLRKTARCKRLPDYVVVEGPLAGGHLGFGMDWADYDLATIFAEIHRYLQAEQLNIPVIPAGGIFTGSDAVSFLEQGAAAVQVATRFTVSRECGLPEDVKQRYFEASEEQIEVNQISPTGYPMRMLSNSPAIGDGIRPNCEAYGYLLDSTGNCSYINAYNREVEANPGVKRIAVRDKTCLCTQMRNFDCWTCGHYTYRLKDTSRRLPDGSYQLLNAEHIFRDYQFSTDGKILAPE,Candidatus Accumulibacter appositus,"cellular organisms (no rank), Bacteria (domain), Pseudomonadati (kingdom), Pseudomonadota (phylum), Betaproteobacteria (class), Betaproteobacteria incertae sedis (no rank), Candidatus Accumulibacter (genus)",GO:0018580
A0A011V1L9,A0A011V1L9,MKPADTVAGAQPEINQAAHQYGGVVFHDVINNTFAGKAIDKGADGLIAVAAGAGGHAGTKSPFALVQEIRSWFDGPLALSGSIATGDAIPAAQAEGADLAYIGSAFIATDEARASPDYKQAIVGSDSDGVVYTDFFSGIHGNYLKSSVVAAGFDPEALPASDPTKMNFGEDRSARVWKDIWGAGQGIGAIGHVRPAADYVARLRQQYSEARRRLSLGQTPARNG,Aquamicrobium defluvii,"cellular organisms (no rank), Bacteria (domain), Pseudomonadati (kingdom), Pseudomonadota (phylum), Alphaproteobacteria (class), Hyphomicrobiales (order), Phyllobacteriaceae (family), Aquamicrobium (genus)",GO:0018580; GO:0051213
A0A011VVF5,A0A011VVF5,MTTTKTRITELLGVKYPILQGGMAWIAEHTLASAVTNAGGAGIIAGGSAPIDYLREQIRLTKEAVGDKPFGVNIMLMSPNAEDLAKLVIEEGVPFVTTGAGNPGKFMEGWKNAGIKVIPVVPSVALAKRMERSGADAVIAEGTESGGHIGENTTMCLVPQVVDAVEIPVIAAGGIADGRGICASFMLGAEGVQVGTRFLAAEECQIHPTYKELVVKAKDTDSVVTGRTTGHPCRNVKTKFLKQLAKREMEGGIDPDEFEKITLGALRKAVQDGNLDEGSFLCGAIAGMVNEVKPAKDIIEEMFAQAEEILSR,Ruminococcus albus SY3,"cellular organisms (no rank), Bacteria (domain), Bacillati (kingdom), Bacillota (phylum), Clostridia (class), Eubacteriales (order), Oscillospiraceae (family), Ruminococcus (genus), Ruminococcus albus (species)",GO:0018580; GO:0051213
A0A014MKS7,A0A014MKS7,MSKIPAVLQNLALPVIGSPLFIISNPKLVIAQCKAGIVGSMPALNARPAEMLEDWLAEITEELAAHNRAHPEAPAAPFAINQIVHKSNDRLEHDLQVCAKYKVPLIITSLGAREDVNQAVHSWGGVVMHDIINNKFAHKAIEKGADGLIAVAAGAGGHAGVKSPFALIQEIRQWFDGPLALSGSMASGGAILAAQAMGADFAYIGSAFIATEEARAAEEYKQAIVDCNSDDVVYSNLFTGVHGNYLAPSIRAAGLDPDNLPVSDPSAMNFGSGRTKAWKDIWGCGQGIGAIDKVLPAAELIARFKREYQEARQRLQLATA,Comamonas aquatica DA1877,"cellular organisms (no rank), Bacteria (domain), Pseudomonadati (kingdom), Pseudomonadota (phylum), Betaproteobacteria (class), Burkholderiales (order), Comamonadaceae (family), Comamonas (genus), Comamonas aquatica (species)",GO:0018580; GO:0051213
A0A014MW27,A0A014MW27,MAPSGPITTPLTTLLGIQHPIMLAGMAHTAGGELAAAVSNAGGLGVVGGFQYTPEQLREIISEMKARFKQPNLPFGVDLALPQVGGSARKTNHDYTHGKLNELVDLIIESGACLFVSAVGVPEKEVIDKFHKHGILVMNMVGHPKHAVKALERGVDMLCAQGTEGGGHTGDVANSVLIPAVVDVARRYKPAMLKGQTAPVLAAGGIHNGRGLASSLMQGAVGVWVGTRFVACTEAASAEEHKEAVVACDFSETDRTLVLTGRPLRARLNPYLKSWQVRGNAAQELCDKGIVPIEHDFENDREDIEFPHLMGQVAGAITKIQPAKEIVDEMVAEAVDQLKLANVYLNSKSKL,Metarhizium robertsii,"cellular organisms (no rank), Eukaryota (domain), Opisthokonta (clade), Fungi (kingdom), Dikarya (subkingdom), Ascomycota (phylum), saccharomyceta (clade), Pezizomycotina (subphylum), leotiomyceta (clade), sordariomyceta (clade), Sordariomycetes (class), Hypocreomycetidae (subclass), Hypocreales (order), Clavicipitaceae (family), Metarhizium (genus)",GO:0018580
