Entry	Sequence
Q9I4V0	MGVFRTRFTETFGVEHPIMQGGMQWVGRAEMAAAVANAGGLATLSALTQPSPEALAAEIARCRELTDRPFGVNLTLLPTQKPVPYAEYRAAIIEAGIRVVETAGNDPGEHIAEFRRHGVKVIHKCTAVRHALKAERLGVDAVSIDGFECAGHPGEDDIPGLVLLPAAANRLRVPIIASGGFADGRGLVAALALGADAINMGTRFLATRECPIHPAVKAAIRAADERSTDLIMRSLRNTARVARNAISQEVLAIEARGGAGYADIAALVSGQRGRQVYQQGDTDLGIWSAGMVQGLIDDEPACAELLRDIVEQARQLVRQRLEGMLAGV
Q01284	MHFPGHSSKKEESAQAALTKLNSWFPTTKNPVIISAPMYLIANGTLAAEVSKAGGIGFVAGGSDFRPGSSHLTALSTELASARSRLGLTDRPLTPLPGIGVGLILTHTISVPYVTDTVLPILIEHSPQAVWLFANDPDFEASSEPGAKGTAKQIIEALHASGFVVFFQVGTVKDARKAAADGADVIVAQGIDAGGHQLATGSGIVSLVPEVRDMLDREFKEREVVVVAAGGVADGRGVVGALGLGAEGVVLGTRFTVAVEASTPEFRRKVILETNDGGLNTVKSHFHDQINCNTIWHNVYDGRAVRNASYDDHAAGVPFEENHKKFKEAASSGDNSRAVTWSGTAVGLIKDQRPAGDIVRELREEAKERIKKIQAFAA
Q9HWH9	MTDRFTRLLGIQQPIIQAPMLGVSTPALAAAVSNAGGLGSIAITGSAAEKGRALIREVRGLTDKPFNVNLFCHRPGQADPARERAWLDYLKPLFAEFGAEPPVRLKNIYLSFLEDPTLLPMLLEERPAAVSFHFGAPPRDQVRALQAVGIRVLVCATTPEEAALVEAAGADAVVAQGIEAGGHRGVFEPERGDAAIGTLALVRLLAARGSLPVVAAGGIMDGRGIRAALELGASAVQMGTAFVLCPESSANAAYREALKGPRAARTALTVTMSGRSARGLPNRMFFDAAAPGVPPLPDYPFVYDATKALQTAALARGNHDFAAQWAGQGAALARELPAAELLRTLVEELRG
O34787	MITYVFPGQGSQQKGMGQGLFEQYQHLTDQADQILGYSIEKLCTEKSYLDVNHTEYTQPALYVVNALSYLKRVEETGRKPDFAAGHSLGEYNALMAAGAFDFETGLRLVKKRGELMGRITGGGMAAVIGLSKEQVTAVLEEHRLYDIDVANENTPQQIVISGPKKEIEKARAVFENTKDVKLFHPLNVSGAFHSRYMNEAKQVFKQYIDSFQFAPLAIPVISNVYAEPYHQDRLKDTLSEQMDNTVKWTDSIRFLMGRGEMEFAEIGPGTVLTGLIHRIKNEAEPLTYIPKKNPAISAHLKEQRNVQAGITAESLGSAEFKQDYHLTYAYLAGGMYRGIASKEMVVKLSRAGMMGFFGTGGLSLKEVEDAIHAIQGELGKGQAYGINLVHNMKHTESEEKMIDLLLRNQVSIVEASAFLSVTPVLVRYRAKGVKRNQNGDVICSNRLIAKISRPEVAESFLSPAPENMLQKLLGENKITMNEAELLRCIPMADDICVEADSGGHTDGGVAYSLMPAMTSLRDEMMKKYQYRKKIRVGAAGGIGTPEAAMAAFMLGADFILTGSINQCTVEAATSDKVKDLLQQMNVQDTAYAPAGDMFESGSKVQVLKKGVFFPARANKLYELYQRYGSIRELDAKMLAQLEEKYFKRSIEDIYKDIALHYPAADIEKAEQNPKHKMALIFRWYFRYSSKLAISGSEHSKVDYQIHCGPALGAFNQWVKGSQLENWRNRHVDEIGKKLMTETAVLLHERMQSMYQPSHETDNIKIKV
P47177	MYFLNQLIFQDVSVMSVDKREDMSRSFQKCLNLRYPIIQAPMAGVTTIEMAAKACIAGAIASLPLSHLDFRKVNDIEKLKLMVSQFRDQVADESLEGNLNLNFFCHDIVDKPTDLQTANWAKLYRKSMNVPIDMNEIKFDNGNVSFKAFEKENALQDFFQYLSDGFRPKIISFHFGHPSKSTIEYLQKIGILIFVTATSVREVRLLARLGINGIVCQGYEAGGHRGNFLVNDPKDDENLSTVQLVKRTVDELAEMKNKGLIHATPFVIAAGGIMDSKDISYMLSQQADAVQVGTAFLGCSESNASKNFSSPFTRETTTKMVNIISGKPARTISTPFIEKVIANFQGEELPPYGYMYSAFKQVRKKYPELANFILAGQGFQNVQSGITTDKKIETMGARLKIDGK
D0V3Y4	MSNSLLSLLNIELPIIQSPMVGVSTPRLAAAVSNAGGLGSIGIGASNVEQARAMLRETAALTDRPFNVNLFCHVPARADAAREAQWLAFLAPLFAEFESPAPAALREIYTSFVEDFAMLEMLLEEKPAVVSFHFGLPPQSSIDALKDAGIVLLACVTNLAEAQQAEHAGVHALVAQGYEAGGHRGVFDPQQDSEMGTFALVRVLTDACQLPVIAAGGIMDGAGIKAVMQLGASAAQLGTAFILCPESSANPAYRDALQGPRAHQTRVTSAISGRPARGMVNRNYIDLETNAPALPDYPIAYDANKALNAAAANKANTDFAVQWAGQGAPLARSMPAAALVNLLAAEMKA
Q0S7Q1	MSTLRTALTELVGVQHPVVQTGMGWVAGPRLVAGTANAGGLGILASATMTYTELESAITKTKTLTDKPFGVNIRADASDAPHRIDLLIRESVRVASFALAPKQELIAKLKAAGVVVIPSIGAAKHAKKVASWGADAVIVQGGEGGGHTGPVATTLLLPSVLDAVDIPVVAAGGFYDGRGLAAALAYGAAGVAMGTRFLLTQESTVPDSVKHEYLARGLQDTTVSRKVDGMPHRVLNTDLVNSLEHSGNMRGLVAAARNASKFKAMTGMKWSTLVKDGLAMKKSSDRTWQQIIMAANTPMLLKAGLVEGNTHAGVLASGQVVGLLDDLPTCKDLIDGIVADAIKRIDALGALRA
Q2T4N0	MFSGQGSQYVGMGRALYESEPTFRHHVDRFDEVTRDKTGTSLVARLYGRDARAGEPFDDTHVTHPALFAVQYALARTLQARGAQPDIVLGSSLGDFVAAALAQVAPAQEIVAWLIDQAASMARACEPGFMLAVLGPASIYRGSDTLREFSDLVGVNYAEHFVIGGNRADLVRVEAALAREGVVFHRLPVRFGFHSRNVAPVVPWLHAREANLSCRAPTIPWASCTAGGIVEAPTARFLTRIAIDPLRFQEAARAIEQTGSPDTLHWVDLGPSGTLANFARRLGVPNDRLHVVMGPFGDDARALGRVSNLHASNARPAGAPAAPVSEGVSMHAFLFPGQGSQVKGMGAALFARFPDRMRLANEILGYDLAALCIENPDNRLGQTQFTQPAMYVVNALAYLARREDDAGAPAFVAGHSLGEYSALFAAGAFSFEDGLRLVKKRGELMSAARDGGMAAVLGLDEARVAEILALSDLRGIDIANLNAPTQIVIAGPADEIRRAQQWFEQGGCYAYVVLPVSGAFHSRMMRDAQREFERFIAPFDIGAPGIPVIANVTGRPYRGDEVRRGLVEQIASPVRWVDTIRYLSEQGVERFAEIGTGTVLTDLLRKILPQKAGASGAAARPQAGAASAVAASAPPRPTGMADAQPPAASPARAATAASTMPPASASASASAPAPAPAPAPAPAPAPAPAPALAPAFARAPASTSTNGIAPAARVEQLGCPEFKRRFGLKYAYVAGGMVHGIASVRMVVAMAKAGMKGYFGTGGLSLDAIRDAVRAIRGALPAGEPYGMNLLSGRLEEATVDLYLREGVTSVEAAAYMHVTPALARFKLAGLSVDRDGATVSAHKILAKVSRPEVATAFMSPIPEKFLERFVRDGVISDAQARAARAMPVADAVCVEADSGGHTDMGAMPALLPAIRRLCADIAGERGYRDKVPVGVAGGIGTPEAAAAAFVLGADFILTGSINQCTVESGISDVVKDMLQQINVHDTDYAPAGDMFELGAKVQVLRRGVFFPARANRLYELYKQYDSVDDLPDAVRRQLEDKYFGKSLAEVYADCERYYPADEIERARGNPKQKLALIFRWYFGFATRAALAGNEADKVNFQVQCGPALGAFNQWVRNTALENWRNRHVAEMAARILQDAADLLSRRYLSMVGR
P71847	MRLRTPLTELIGIEHPVVQTGMGWVAGARLVSATANAGGLGILASATMTLDELAAAITKVKAVTDKPFGVNIRADAADAGDRVELMIREGVRVASFALAPKQQLIARLKEAGAVVIPSIGAAKHARKVAAWGADAMIVQGGEGGGHTGPVATTLLLPSVLDAVAGTGIPVIAAGGFFDGRGLAAALCYGAAGVAMGTRFLLTSDSTVPDAVKRRYLQAGLDGTVVTTRVDGMPHRVLRTELVEKLESGSRARGFAAALRNAGKFRRMSQMTWRSMIRDGLTMRHGKELTWSQVLMAANTPMLLKAGLVDGNTEAGVLASGQVAGILDDLPSCKELIESIVLDAITHLQTASALVE
O05413	MNEFMKKFSLTKPIIQAPMAGGITKPRLASAVSNQGALGSLASGYLTPDLLEQQIKEIFELTDAPFQINVFVPLGLEMPPKDQIKKWKENIPLANQVNQFTSVQEEWDDFYQKIDLILKYKVKACSFTFDLPPEDAVKELKTAGCCLIGTASTVEEALLMEERGMDIVVLQGSEAGGHRGAFLPSKGESAVGLMALIPQAADALSVPVIAAGGMIDHRGVKAALTLGAQGVQIGSAFLICHESNAHPVHKQKILEANEADTKLTTLFSGKEARGIVNKWMEENEQFETQTLPYPYQNTLTKAMRQKASLQNNHDQMSLWAGQGIRSLTEEISVKQLLNQLCQEDIKI
A6U025	MWNKNRLTQMLSIEYPIIQAGMAGSTTPKLVASVSNSGGLGTIGAGYFNTQQLEDEIDYVRQLTSNSFGVNVFVPSQQSYTSSQIENMNAWLKPYRRALHLEEPVVKIIEEQQFKCHIDTIIKKQVPVCCFTFGIPNESIIERLKEANIKLIGTATSVDEAIANEKAGMDAIVAQGSEAGGHRGSFLKPKNQLPMVGTISLVPQIVDVVSIPVIAAGGIMDGRGVLASIVLGAEGVQMGTAFLTSQDSNASELLRDAIINSKETDTVVTKAFSGKLARGINNRFIEEMSQYEGDIPDYPIQNELTSSIRKAAANIGDKELTHMWSGQSPRLATTHPANTIMSNIINQINQIMQYK
Q12723	MRSQIQSFLKTFEVRYPIIQAPMAGASTLELAATVTRLGGIGSIPMGSLSEKCDAIETQLENFDELVGDSGRIVNLNFFAHKEPRSGRADVNEEWLKKYDKIYGKAGIEFDKKELKLLYPSFRSIVDPQHPTVRLLKNLKPKIVSFHFGLPHEAVIESLQASDIKIFVTVTNLQEFQQAYESKLDGVVLQGWEAGGHRGNFKANDVEDGQLKTLDLVSTIVDYIDSASISNPPFIIAAGGIHDDESIKELLQFNIAAVQLGTVWLPSSQATISPEHLKMFQSPKSDTMMTAAISGRNLRTISTPFLRDLHQSSPLASIPDYPLPYDSFKSLANDAKQSGKGPQYSAFLAGSNYHKSWKDTRSTEEIFSILVQDL
Q49W60	MKLSTRVTGLLNVKYPIIQAGMAGSTTPELVATVSNAGGLGTIGAGYFSSDRLEQEITYLQELTDLPYAVNLFVPSDKLYIPEKVEHMNAWLKPYRRAFNIEEPVINMTEKQQFKDAIDLVIEKGVPAVSFTFGIPEQTVIEKLKERHIKLIGTATSVEEAIANESAGMDMVIAQGSEAGGHRGAFSETASQLTPLIGTMSLVPQMVDQINIPVVAAGGIMDGRGLVASMVLGAEGVQMGTAFLTSDESGASQLYKHAISQSKETDTVVTNVITGKPARGIENEFIHKMNEYDDEIPDYPIQNQLTNALRKEAANKGNAQWTHLWSGQSPRLVQHMSAWALIENVVKQANEIMNR
Q4L4T4	MWYNNQLTQSLNIQYPIIQAGMAGSTTAELVATVSNKGGLGCIGAGYFTTKKLEQEIQKVQGLTSQPFGVNLFVPSHQSYTNEQVEHMNAWLKPYRKALNLEEPVVNISEEQQFKSAIQTVIKYRVPVCCFTFGIPSKEIIEQLKGAKITLIGTATTVDEAIANEHAGMDIVVAQGSEAGGHRGSFLTTNNQREPLIGTMSLIPQIVDHVSIPVVAAGGVMDGRGILASQILGAQGVQMGTAFLTTEESGANQLVKQAVLHSKETDTIVTDVFSGKSARGINNEFVETMKQYEGNIPPYPVQNQLTNSIRKTAASTGHREWTHMWSGQSPRLATSQHVNQLMDRLVEQVKTLLTVVR
A6QFD2	MWNKNRLTQMLSIEYPIIQAGMAGSTTPKLVASVSNSGGLGTIGAGYFNTQQLEDEIDYVRQLTSNSFGVNVFVPSQQSYTSSQIENMNAWLKPYRRALHLEEPVVKITEEQQFKCHIDTIIKKQVPVCCFTFGIPSEQIISRLKAANVKLIGTATSVDEAIANEKAGMDAIVAQGSEAGGHRGSFLKPKNQLPMVGTISLVPQIVDVVSIPVIAAGGIMDGRGVLASIVLGAEGVQMGTAFLTSQDSNASELLRDAIINSKETDTVITKAFSGKLARGINNRFIEEMSQYEGDIPDYPIQNELTSSIRKAAANIGDKELIHMWSGQSPRLATTHPANTIMSNIINQINQIMQYK
A8Z1H7	MWNKNRLTQMLSIEYPIIQAGMAGSTTPKLVASVSNSGGLGTIGAGYFNTQQLEDEIDYVRQLTSNSFGVNVFVPSQQSYTSSQIENMNAWLKPYRRALHLEEPVVKITEEQQFKCHIDTIIKKQVPVCCFTFGIPSEQIISRLKAANVKLIGTATSVDEAIANEKAGMDAIVAQGSEAGGHRGSFLKPKNQLPMVGTISLVPQIVDVVSIPVIAAGGIMDGRGVLASIVLGAEGVQMGTAFLTSQDSNASELLRDAIINSKETDTVITKAFSGKLARGINNRFIEEMSQYEGDIPDYPIQNELTSSIRKAAANIGDKELIHMWSGQSPRLATTHPANTIMSNIINQINQIMQYK
B2TEK6	MTDQTGKRALLPLLGIDKPIIQAPMAGVSTPALAAAVCNAGGLGSLGVGAMNADGARKVIRETRALTDKPFNINVFCHRPAQADAAVEQQWLSWLAPHFEKYGATPPAKLSDIYTSFLADPAMLAVFLEEKPAIVSFHFGLPSADVIAELKKAGIRLLASATNLQEAAQVEAAGVDAIVAQGIEAGGHRGVFDPDAFDDRLGTFALTRLLAKECRLPVIAAGGIMDGAGIAAALALGAQAAQLGTAFVACTETSIDEGYRRALLGEAARRTTFTAAISGRLARSMANSFTALGADPRSPEPATYPIAYDAGKALNAAAKAKGEFGYGAHWAGQAAALARSLPAAELVAQLERELKQSIEQLRQFAN
O06179	MRTRVAELLGAEFPICAFSHCRDVVAAVSNAGGFGILGAVAHSPKRLESELTWIEEHTGGKPYGVDVLLPPKYIGAEQGGIDAQQARELIPEGHRTFVDDLLVRYGIPAVTDRQRSSSAGGLHISPKGYQPLLDVAFAHDIRLIASALGPPPPDLVERAHNHDVLVAALAGTAQHARRHAAAGVDLIVAQGTEAGGHTGEVATMVLVPEVVDAVSPTPVLAAGGIARGRQIAAALALGAEGVWCGSVWLTTEEAETPPVVKDKFLAATSSDTVRSRSLTGKPARMLRTAWTDEWDRPDSPDPLGMPLQSALVSDPQLRINQAAGQPGAKARELATYFVGQVVGSLDRVRSARSVVLDMVEEFIDTVGQLQGLVQR
Q2FZX9	MWNKNRLTQMLSIEYPIIQAGMAGSTTPKLVASVSNSGGLGTIGAGYFNTQQLEDEIDYVRQLTSNSFGVNVFVPSQQSYTSSQIENMNAWLKPYRRALHLEEPVVKITEEQQFKCHIDTIIKKQVPVCCFTFGIPSEQIISRLKAANVKLIGTATSVDEAIANEKAGMDAIVAQGSEAGGHRGSFLKPKNQLPMVGTISLVPQIVDVVSIPVIAAGGIMDGRGVLASIVLGAEGVQMGTAFLTSQDSNASELLRDAIINSKETDTVITKAFSGKLARGINNRFIEEMSQYEGDIPDYPIQNELTSSIRKAAANIGDKELIHMWSGQSPRLATTHPANTIMSNIINQINQIMQYK
Q6GB05	MWNKNRLTQMLSIEYPIIQAGMAGSTTPKLVASVSNSGGLGTIGAGYFNTQQLEDEIDYVRQLTSNSFGVNVFVPSQQSYTSSQIENMNAWLKPYRRALHLEEPVVKITEEQQFKCHIDTIIKKQVPVCCFTFGIPSESIIKRLKEANIKLIGTATSVDEAIANEKAGMDAIVAQGSEAGGHRGSFLKPKNQLPMVGTISLVPQIVDVVSIPVIAAGGIMDGRGVLASIVLGAEGVQMGTAFLTSQDSNASELLRDAIINSKETDTVVTKAFSGKLARGINNRFIEEMSQYEGDIPDYPIQNELTSSIRKAAANIGDKELTHMWSGQSPRLATTHPANTIVSNIINQINQIMQYK
Q2FIF3	MWNKNRLTQMLSIEYPIIQAGMAGSTTPKLVASVSNSGGLGTIGAGYFNTQQLEDEIDYVRQLTSNSFGVNVFVPSQQSYTSSQIENMNAWLKPYRRALHLEEPVVKITEEQQFKCHIDTIIKKQVPVCCFTFGIPSEQIISRLKAANVKLIGTATSVDEAIANEKAGMDAIVAQGSEAGGHRGSFLKPKNQLPMVGTISLVPQIVDVVSIPVIAAGGIMDGRGVLASIVLGAEGVQMGTAFLTSQDSNASELLRDAIINSKETDTVITKAFSGKLARGINNRFIEEMSQYEGDIPDYPIQNELTSSIRKAAANIGDKELIHMWSGQSPRLATTHPANTIMSNIINQINQIMQYK
Q6GIG7	MWNKNRLTQMLSIEYPIIQAGMAGSTTPKLVASVSNSGGLGTIGAGYFNTQQLEDEIDYVRQLTSNSFGVNVFVPSQQSYTSSQIENMNAWLKPYRRALHLEEPVVKITEEQQFKCHIDTIIKKQVPVCCFTFGIPNESIIKRLKEANIKLIGTATSVDEAIANEKAGMDAIVAQGSEAGGHRGSFLKPKNQLPMVGTISLVPQIVDVVSIPVIAAGGIMDGRGVLASIVLGAEGVQMGTAFLTSQDSNASELLRDAIINSKETDTVVTKAFSGKLARGINNRFIEEMSQYEGDIPDYPIQNELTSSIRKAAANIGDKELTHMWSGQSPRLATTHPANTIMSNIINQINQIMQYK
Q8NXG7	MWNKNRLTQMLSIEYPIIQAGMAGSTTPKLVASVSNSGGLGTIGAGYFNTQQLEDEIDYVRQLTSNSFGVNVFVPSQQSYTSSQIENMNAWLKPYRRALHLEEPVVKITEEQQFKCHIDTTIKKQVPVCCFTFGIPSESIIKRLKEANIKLIGTATSVDEAIANEKAGMDAIVAQGSEAGGHRGSFLKPKNQLPMVGTISLVPQIVDVVSIPVIAAGGIMDGRGVLASIVLGAEGVQMGTAFLTSQDSNASELLRDAIINSKETDTVVTKAFSGKLARGINNRFIEEMSQYEGDIPDYPIQNELTSSIRKAAANIGDKELTHMWSGQSPRLATTHPANTIMSNIINQINQIMQYK
Q99VF6	MWNKNRLTQMLSIEYPIIQAGMAGSTTPKLVASVSNSGGLGTIGAGYFNTQQLEDEIDYVRQLTSNSFGVNVFVPSQQSYTSSQIENMNAWLKPYRRALHLEEPVVKIIEEQQFKCHIDTIIKKQVPVCCFTFGIPNESIIERLKEANIKLIGTATSVDEAIANEKAGMDAIVAQGSEAGGHRGSFLKPKNQLPMVGTISLVPQIVDVVSIPVIAAGGIMDGRGVLASIVLGAEGVQMGTAFLTSQDSNASELLRDAIINSKETDTVVTKAFSGKLARGINNRFIEEMSQYEGDIPDYPIQNELTSSIRKAAANIGDKELTHMWSGQSPRLATTHPANTIMSNIINQINQIMQYK
A5IR97	MWNKNRLTQMLSIEYPIIQAGMAGSTTPKLVASVSNSGGLGTIGAGYFNTQQLEDEIDYVRQLTSNSFGVNVFVPSQQSYTSSQIENMNAWLKPYRRALHLEEPVVKIIEEQQFKCHIDTIIKKQVPVCCFTFGIPNESIIERLKEANIKLIGTATSVDEAIANEKAGMDAIVAQGSEAGGHRGSFLKPKNQLPMVGTISLVPQIVDVVSIPVIAAGGIMDGRGVLASIVLGAEGVQMGTAFLTSQDSNASELLRDAIINSKETDTVVTKAFSGKLARGINNRFIEEMSQYEGDIPDYPIQNELTSSIRKAAANIGDKELTHMWSGQSPRLATTHPANTIMSNIINQINQIMQYK
E9F689	MTALLRNECKQALAKSLPWTKSPLVISAPMRVMTGPGLAVAVSSAGGLGFLGPTLKPEDVFADLDKAAELLGSSPIQGAAGPSLLPIGVGFQTWNGDLEVAVSAVTKHRPCAVWLFAPRRGQAELNEWTAAIRSASPDTRVWLQVGSLGEAVEAAASATPPDVLVLQGAEGGGHGRHRDAQGTIALVPEVSDALGHSGIPLVAAGGIVDGRGAAAALTLGAAGVAMGTRFLASSEARISKGYQDEVVRASDGAKNTVRTQLYNHLRGTFGWPEPFSPRTLINRSWRDHEAGVEFDRLKELHDESAKTGDAGWGPEGRLATYVGAAVGLVRRVDDAAVIVRETRDQARAILTSVVAHL
Q5HHG4	MWNKNRLTQMLSIEYPIIQAGMAGSTTPKLVASVSNSGGLGTIGAGYFNTQQLEDEIDYVRQLTSNSFGVNVFVPSQQSYTSSQIENMNAWLKPYRRALHLEEPVVKITEEQQFKCHIDTIIKKQVPVCCFTFGIPSEQIISRLKAANVKLIGTATSVDEAIANEKAGMDAIVAQGSEAGGHRGSFLKPKNQLPMVGTISLVPQIVDVVSIPVIAAGGIMDGRGVLASIVLGAEGVQMGTAFLTSQDSNASELLRDAIINSKETDTVITKAFSGKLARGINNRFIEEMSQYEGDIPDYPIQNELTSSIRKAAANIGDKELIHMWSGQSPRLATTHPANTIMSNIINQINQIMQYK
